model_or_experiment,status,path,dataset_scope,rows,columns,output_type,artifact_accuracy_if_labeled,related_validation_result_not_test_score,evaluation_semantics,sha256,source_commit,evidence_path
BRIDGE-YW004-5F,protocol comparator; not a formal model,outputs/oof/BRIDGE-YW004-5F_oof.csv,competition_train_labeled (official order),5000,4,label predictions with validation metadata,0.7596,0.7596 (5-fold competition-label OOF comparator),competition-label OOF,3532471320aaf26e1239f307c17ac698594b7932ec924599d6bac2e1f608ed2b,533105adebf70fd0bfc5858331a9ca946abf9f39,outputs/metrics/BRIDGE-YW004-5F_metrics.json
MODEL V2 / V2-B-REFONLY,frozen MODEL V2 alias artifact,outputs/oof/MODEL-V2_oof.csv,competition_train_labeled (official order),5000,4,label predictions with validation metadata,0.8212,0.8212 (external-reference validation),external-reference validation,2ddb7ac653ba4bd262b8f412034bd059ee637ac596f4c7996a275e098475525e,d8eb90ecd411448d899d61a2b4e1a374b8c5b16d,outputs/metrics/model_v2_metrics.json
V2-A-SPATIAL-LGBM,unselected personal experiment,outputs/oof/V2-A-SPATIAL-LGBM_oof.csv,competition_train_labeled (official order),5000,4,label predictions with validation metadata,0.7690,0.7690 (5-fold competition-label OOF),competition-label OOF,80cf1568b69bb5cc9b73e63b444a62645b30341ed701ef1bebd2fede5ecf83ef,533105adebf70fd0bfc5858331a9ca946abf9f39,outputs/metrics/V2-A-SPATIAL-LGBM_metrics.json
MODEL V2 / V2-B-REFONLY,frozen selected personal model,outputs/oof/V2-B-REFONLY_oof.csv,competition_train_labeled (official order),5000,4,label predictions with validation metadata,0.8212,0.8212 (external-reference validation),external-reference validation,2ddb7ac653ba4bd262b8f412034bd059ee637ac596f4c7996a275e098475525e,533105adebf70fd0bfc5858331a9ca946abf9f39,outputs/metrics/model_v2_metrics.json
YW-000,personal experiment; not a separate formal model,outputs/oof/YW-000_oof.csv,competition_train_labeled (official order),5000,4,label predictions with validation metadata,0.1406,see run-specific metrics,competition-label OOF,d8607a195f4ac17d6cca2e41361aa490b3a364bc74e10a48c214c9224b66d6e2,62d436d291553f74cc7d31692a0dd101f207eb4d,outputs/metrics/YW-000_metrics.json
YW-001,personal experiment; not a separate formal model,outputs/oof/YW-001_oof.csv,competition_train_labeled (official order),5000,4,label predictions with validation metadata,0.5500,see run-specific metrics,competition-label OOF,646eeff7d90498f86ffae38d8b5ce2bc344e7361c71b45265924bb4e4bf45a5e,62d436d291553f74cc7d31692a0dd101f207eb4d,outputs/metrics/YW-001_metrics.json
YW-002,personal experiment; not a separate formal model,outputs/oof/YW-002_oof.csv,competition_train_labeled (official order),5000,4,label predictions with validation metadata,0.7568,see run-specific metrics,competition-label OOF,61d6ed89545aee5675ab47b0d8be656781807c2441e9e06eb0ee3e1c3cc75462,62d436d291553f74cc7d31692a0dd101f207eb4d,outputs/metrics/YW-002_metrics.json
YW-003,personal experiment; not a separate formal model,outputs/oof/YW-003_oof.csv,competition_train_labeled (official order),5000,4,label predictions with validation metadata,0.7530,see run-specific metrics,competition-label OOF,704978fc1fb40f09ec830252d78153f87b34e4aedc409e8d6c99a1a4bd7ddfe3,62d436d291553f74cc7d31692a0dd101f207eb4d,outputs/metrics/YW-003_metrics.json
YW-004,MODEL V1 selection run,outputs/oof/YW-004_oof.csv,competition_train_labeled (official order),5000,4,label predictions with validation metadata,0.7598,see run-specific metrics,competition-label OOF,ebb09b7459f5d66bd3d88da3c41a6b9a7a9a329264ab8c17ff8be64ee44db97b,62d436d291553f74cc7d31692a0dd101f207eb4d,outputs/metrics/YW-004_metrics.json
YW-005,personal experiment; not a separate formal model,outputs/oof/YW-005_oof.csv,competition_train_labeled (official order),5000,4,label predictions with validation metadata,0.7592,see run-specific metrics,competition-label OOF,f2082e1c56581f811c2c1b4f3d0f5a255b52c8cc2a3b1551acbb49aedfe4d2ce,4ae6aabab831f11aad26b18ed4a3524923cce694,outputs/metrics/YW-005_metrics.json
YW-006,personal experiment; not a separate formal model,outputs/oof/YW-006_hard_bucket_oof.csv,competition_train_labeled subset,2958,4,label predictions with validation metadata,0.6815,see run-specific metrics,competition-label OOF,b45a168a905f248eee6600faf7540e91a6009529006060274b00b1bd3f3b64c7,4ae6aabab831f11aad26b18ed4a3524923cce694,outputs/metrics/YW-006_metrics.json
YW-007,personal experiment; not a separate formal model,outputs/oof/YW-007_oof.csv,competition_train_labeled (official order),5000,4,label predictions with validation metadata,0.7598,see run-specific metrics,competition-label OOF,ebb09b7459f5d66bd3d88da3c41a6b9a7a9a329264ab8c17ff8be64ee44db97b,4ae6aabab831f11aad26b18ed4a3524923cce694,outputs/metrics/YW-007_metrics.json
BRIDGE-YW004-5F,protocol comparator; not a formal model,outputs/probabilities/BRIDGE-YW004-5F_oof_probabilities.csv.gz,competition_train_labeled (official order),5000,61,60-class probability matrix,0.7596,0.7596 (5-fold competition-label OOF comparator),competition-label OOF,062111abdd2cf27f9a29e67ac0c373e7bb5a1eb03a2c8913c6351899bd55a43f,533105adebf70fd0bfc5858331a9ca946abf9f39,outputs/metrics/BRIDGE-YW004-5F_metrics.json
MODEL V2 / V2-B-REFONLY,frozen MODEL V2 alias artifact,outputs/probabilities/MODEL-V2_oof_probabilities.csv.gz,competition_train_labeled (official order),5000,61,60-class probability matrix,0.8212,0.8212 (external-reference validation),external-reference validation,3f346f79c1ebf249faf522bea99c8fe0faef1bb3c5492bbe2729cd09527607c1,d8eb90ecd411448d899d61a2b4e1a374b8c5b16d,outputs/metrics/model_v2_metrics.json
MODEL V2 / V2-B-REFONLY,frozen MODEL V2 alias artifact,outputs/probabilities/MODEL-V2_test_probabilities.csv.gz,competition_test_unlabeled (official order),5000,61,60-class probability matrix,,0.8212 (external-reference validation),hidden-label test inference; no test accuracy available,5d69ccffb1a713618486e0704a5cab936542a5b83caa7029c8a01ecfe2c98ab8,d8eb90ecd411448d899d61a2b4e1a374b8c5b16d,outputs/metrics/model_v2_metrics.json
V2-A-SPATIAL-LGBM,unselected personal experiment,outputs/probabilities/V2-A-SPATIAL-LGBM_oof_probabilities.csv.gz,competition_train_labeled (official order),5000,61,60-class probability matrix,0.7678,0.7690 (5-fold competition-label OOF),competition-label OOF,100b4affc56d63cbdad3445e95682b7e685ebbd30e0e43b37078b380334f0761,533105adebf70fd0bfc5858331a9ca946abf9f39,outputs/metrics/V2-A-SPATIAL-LGBM_metrics.json
V2-A-SPATIAL-LGBM,unselected personal experiment,outputs/probabilities/V2-A-SPATIAL-LGBM_oof_probabilities_ei.csv.gz,competition_train_labeled (official order),5000,61,60-class probability matrix,0.7690,0.7690 (5-fold competition-label OOF),competition-label OOF,cbf1f6cb3fe3415844d82dc5b254406ae05288343a11601836b3d8c064a2f183,533105adebf70fd0bfc5858331a9ca946abf9f39,outputs/metrics/V2-A-SPATIAL-LGBM_metrics.json
V2-A-SPATIAL-LGBM,unselected personal experiment,outputs/probabilities/V2-A-SPATIAL-LGBM_test_probabilities.csv.gz,competition_test_unlabeled (official order),5000,61,60-class probability matrix,,0.7690 (5-fold competition-label OOF),hidden-label test inference; no test accuracy available,76a64649a76c58223f0e4c82d1cf0a772d142188f6f65fe24b4d39eb75685034,533105adebf70fd0bfc5858331a9ca946abf9f39,outputs/metrics/V2-A-SPATIAL-LGBM_metrics.json
MODEL V2 / V2-B-REFONLY,MODEL V2 supporting probability variant,outputs/probabilities/V2-B-REFONLY_oof_probabilities.csv.gz,competition_train_labeled (official order),5000,61,60-class probability matrix,0.8212,0.8212 (external-reference validation),external-reference validation,0b1d3265cba47ff320fbc8053347cc389bc0c1fd01b16aee8c28b5a94f0f49b8,533105adebf70fd0bfc5858331a9ca946abf9f39,outputs/metrics/model_v2_metrics.json
MODEL V2 / V2-B-REFONLY,MODEL V2 supporting probability variant,outputs/probabilities/V2-B-REFONLY_oof_probabilities_ei.csv.gz,competition_train_labeled (official order),5000,61,60-class probability matrix,0.8212,0.8212 (external-reference validation),external-reference validation,898355b2f6413fe89e074d9a6d408835cdbb04aaa503031959d22991ddbc2377,533105adebf70fd0bfc5858331a9ca946abf9f39,outputs/metrics/model_v2_metrics.json
MODEL V2 / V2-B-REFONLY,frozen selected personal model,outputs/probabilities/V2-B-REFONLY_oof_probabilities_seg.csv.gz,competition_train_labeled (official order),5000,61,60-class probability matrix,0.8212,0.8212 (external-reference validation),external-reference validation,172fa1e258385d767b182e7c894eb79a62a093d742442d27da172c5dbb21f612,533105adebf70fd0bfc5858331a9ca946abf9f39,outputs/metrics/model_v2_metrics.json
MODEL V2 / V2-B-REFONLY,MODEL V2 supporting probability variant,outputs/probabilities/V2-B-REFONLY_test_probabilities.csv.gz,competition_test_unlabeled (official order),5000,61,60-class probability matrix,,0.8212 (external-reference validation),hidden-label test inference; no test accuracy available,52c09ada2630ff99ec6757a627d7838271cfde82e98895d859bf8034441c02ff,533105adebf70fd0bfc5858331a9ca946abf9f39,outputs/metrics/model_v2_metrics.json
MODEL V2 / V2-B-REFONLY,MODEL V2 supporting probability variant,outputs/probabilities/V2-B-REFONLY_test_probabilities_ei.csv.gz,competition_test_unlabeled (official order),5000,61,60-class probability matrix,,0.8212 (external-reference validation),hidden-label test inference; no test accuracy available,691c1c047a235eab930bc9757205b43f42001fe4c775412cba1aaa2b7fc00ac2,533105adebf70fd0bfc5858331a9ca946abf9f39,outputs/metrics/model_v2_metrics.json
MODEL V2 / V2-B-REFONLY,frozen selected personal model,outputs/probabilities/V2-B-REFONLY_test_probabilities_seg.csv.gz,competition_test_unlabeled (official order),5000,61,60-class probability matrix,,0.8212 (external-reference validation),hidden-label test inference; no test accuracy available,6c4382e2ed3ee91accd7d7602ce22472df112dcfe3d36d275529fe56d693c700,533105adebf70fd0bfc5858331a9ca946abf9f39,outputs/metrics/model_v2_metrics.json
YW-002,personal experiment; not a separate formal model,outputs/probabilities/YW-002_oof_probabilities.csv.gz,competition_train_labeled (official order),5000,61,60-class probability matrix,0.7568,see run-specific metrics,competition-label OOF,2acb2c4872c42d4ad20bbe1ddada4f4ed2629c2d94dc52c562bf386a166389b1,62d436d291553f74cc7d31692a0dd101f207eb4d,outputs/metrics/YW-002_metrics.json
YW-003,personal experiment; not a separate formal model,outputs/probabilities/YW-003_oof_probabilities.csv.gz,competition_train_labeled (official order),5000,61,60-class probability matrix,0.7530,see run-specific metrics,competition-label OOF,38d1e135ae1ecf21ae381d4143009edae832f14a2ffdd61c1c817880a957d618,62d436d291553f74cc7d31692a0dd101f207eb4d,outputs/metrics/YW-003_metrics.json
YW-004,MODEL V1 selection run,outputs/probabilities/YW-004_oof_probabilities.csv.gz,competition_train_labeled (official order),5000,61,60-class probability matrix,0.7598,see run-specific metrics,competition-label OOF,795d8b4a9bddb7fb000ebde276ed33faffcc56bf977e885cce59577b651b1794,62d436d291553f74cc7d31692a0dd101f207eb4d,outputs/metrics/YW-004_metrics.json
YW-005,personal experiment; not a separate formal model,outputs/probabilities/YW-005_oof_probabilities.csv.gz,competition_train_labeled (official order),5000,61,60-class probability matrix,0.7592,see run-specific metrics,competition-label OOF,8a1fd37b83a8ee60a3f8b248dc56c08cdb7f19e5ce6217279aab8303a90d30ef,4ae6aabab831f11aad26b18ed4a3524923cce694,outputs/metrics/YW-005_metrics.json
YW-006,personal experiment; not a separate formal model,outputs/probabilities/YW-006_hard_bucket_probabilities.csv.gz,competition_train_labeled subset,2958,61,60-class probability matrix,0.6815,see run-specific metrics,competition-label OOF,276efe0fc3b9f1962ca242a19dac9d732d6072fc54d9bfb78838d35ee810a84b,4ae6aabab831f11aad26b18ed4a3524923cce694,outputs/metrics/YW-006_metrics.json
YW-007,personal experiment; not a separate formal model,outputs/probabilities/YW-007_oof_probabilities.csv.gz,competition_train_labeled (official order),5000,61,60-class probability matrix,0.7598,see run-specific metrics,competition-label OOF,4c328acb0cb9625005ebe9c7c292d40357ed1207a5d59ec6d17e1208e77ddc12,4ae6aabab831f11aad26b18ed4a3524923cce694,outputs/metrics/YW-007_metrics.json
MODEL V1,frozen historical personal model,outputs/probabilities/model_v1_test_probabilities.csv.gz,competition_test_unlabeled (official order),5000,61,60-class probability matrix,,0.7598 (3-fold competition-label OOF),hidden-label test inference; no test accuracy available,850a0a934ff864eb15880855382909c4e0d2eda4cdff303a49c5f787f571e3b8,a3722c06f1844bce825b38a05c4be85838de491a,outputs/metrics/model_v1_metrics.json
MODEL V1,frozen historical personal model,outputs/submissions/model_v1.csv,competition_test_unlabeled (official order),5000,2,submission-format label predictions,,0.7598 (3-fold competition-label OOF),hidden-label test inference; no test accuracy available,c82acc6a444206eb48b5f4e9dec04ab3657892b7e6d4c1ab573d1dbd611553fd,a3722c06f1844bce825b38a05c4be85838de491a,outputs/metrics/model_v1_metrics.json
MODEL V2 / V2-B-REFONLY,frozen selected personal model,outputs/submissions/model_v2_candidate.csv,competition_test_unlabeled (official order),5000,2,submission-format label predictions,,0.8212 (external-reference validation),hidden-label test inference; no test accuracy available,8a110aec5d2b957e603cc3e3cbdc1e0402949790a0208dff0f285c14adc7c7ac,2a25ee2ddeda46b1219cdd96bffc84d17e115c37,outputs/metrics/model_v2_metrics.json
V3-E02D S0,research experiment; not a formal model,outputs/v3/v3_e02d_s0_validation.csv,competition_train_labeled (official order),5000,5,label predictions with validation metadata,0.6302,0.6302 (external-reference validation),external-reference validation,44c3455a9d0c89388e0d4346669ea4635422f441a0c9f8874918ffccfe96dae0,718395db4526ca1a90c50b63eebd5f684a009f04,outputs/v3/v3_e02d_student_comparison.csv
V3-E02D S1,research experiment; not a formal model,outputs/v3/v3_e02d_s1_validation.csv,competition_train_labeled (official order),5000,5,label predictions with validation metadata,0.6294,0.6294 (external-reference validation),external-reference validation,7f152a9bcc0744acd68e11aae5681c50e569527e4524bc59f3a0a4412db6a8c4,718395db4526ca1a90c50b63eebd5f684a009f04,outputs/v3/v3_e02d_student_comparison.csv
V3-E02D S2,research experiment; not a formal model,outputs/v3/v3_e02d_s2_test_probabilities.csv.gz,competition_test_unlabeled (official order),5000,61,60-class probability matrix,,0.6292 (external-reference validation),hidden-label test inference; no test accuracy available,0c35363f96e95c076e5cbb73f5c0ca938cca752d445c8efb5af2f3d550aa08b9,718395db4526ca1a90c50b63eebd5f684a009f04,outputs/v3/v3_e02d_student_comparison.csv
V3-E02D S2,research experiment; not a formal model,outputs/v3/v3_e02d_s2_validation.csv,competition_train_labeled (official order),5000,5,label predictions with validation metadata,0.6292,0.6292 (external-reference validation),external-reference validation,b76a279c56d9b21b20729ff27048d9d6ec64c81f6bbffe2028798b5114afded3,718395db4526ca1a90c50b63eebd5f684a009f04,outputs/v3/v3_e02d_student_comparison.csv
V3-E02D S2,research experiment; not a formal model,outputs/v3/v3_e02d_s2_validation_probabilities.csv.gz,competition_train_labeled (official order),5000,61,60-class probability matrix,0.6292,0.6292 (external-reference validation),external-reference validation,f590650ad21ce8d81c796454dd7e3694d23ee67a5607ec857635472c36a4ebc4,718395db4526ca1a90c50b63eebd5f684a009f04,outputs/v3/v3_e02d_student_comparison.csv
V3-E03A S0 inference,research experiment; not a formal model,outputs/v3/v3_e03a_tables/s0_inference_probabilities.csv.gz,competition_train_labeled (official order),5000,61,60-class probability matrix,0.6302,companion S0 labels: 0.6302 external-reference validation,external-reference validation,9f059cca7f3824c2aa5435ab3bafc2098636d57570678009b9cbf0f3cd96730b,a683a22e553ccc56fc8ec38d27e88522cc313fc6,outputs/v3/v3_e03a_rescue_metrics.json
V3-E04S SNI,research experiment; not a formal model,outputs/v3/v3_e04s_sni_test_probabilities.csv.gz,competition_test_unlabeled (official order),5000,61,60-class probability matrix,,0.5682 (external-reference validation),hidden-label test inference; no test accuracy available,f3cf5d5ec44d7dbe609a7b7bdd04be516c9bb2d8f02fa7454fb9ced0cc0840ae,61f6194a70f1a42531eef7e172cff1381f9afbb7,outputs/v3/v3_e04s_complementarity.json
V3-E04S SNI,research experiment; not a formal model,outputs/v3/v3_e04s_sni_validation.csv,competition_train_labeled (official order),5000,5,label predictions with validation metadata,0.5682,0.5682 (external-reference validation),external-reference validation,24fc7bc6db3bc91554243d2204145cb8339fd70873276c4ad932aae2eadae3c4,61f6194a70f1a42531eef7e172cff1381f9afbb7,outputs/v3/v3_e04s_complementarity.json
V3-E04S SNI,research experiment; not a formal model,outputs/v3/v3_e04s_sni_validation_probabilities.csv.gz,competition_train_labeled (official order),5000,61,60-class probability matrix,0.5682,0.5682 (external-reference validation),external-reference validation,197cd7da9072a80d20bb533b7b01beffed890c0efa889fb20e92f76dc260a608,61f6194a70f1a42531eef7e172cff1381f9afbb7,outputs/v3/v3_e04s_complementarity.json
V3-E06M M1,research experiment; not a formal model,outputs/v3/v3_e06m_m1_test_probabilities.csv.gz,competition_test_unlabeled (official order),5000,61,60-class probability matrix,,0.8172 (external-reference validation),hidden-label test inference; no test accuracy available,79580de6d9299b7203fb1d2c1e7d04e95a5ae3fae13a8b98ecc5620c5d525fac,a1898419404846250ae4650124e26903e91a8aef,outputs/v3/v3_e06m_metrics.json
V3-E06M M1,research experiment; not a formal model,outputs/v3/v3_e06m_m1_validation.csv,competition_train_labeled (official order),5000,5,label predictions with validation metadata,0.8172,0.8172 (external-reference validation),external-reference validation,864af56612ffadbe9e1481c58a12db9b55347cc4ac649cc1264072a5ab93aa6b,a1898419404846250ae4650124e26903e91a8aef,outputs/v3/v3_e06m_metrics.json
V3-E06M M1,research experiment; not a formal model,outputs/v3/v3_e06m_m1_validation_probabilities.csv.gz,competition_train_labeled (official order),5000,61,60-class probability matrix,0.8172,0.8172 (external-reference validation),external-reference validation,2790c88d670293fc2530f23e47e541c256a4b2fa9ffc59c92be0c5c76f91671b,a1898419404846250ae4650124e26903e91a8aef,outputs/v3/v3_e06m_metrics.json
V3-E06M M2,research experiment; not promoted; no formal MODEL V3,outputs/v3/v3_e06m_m2_test_probabilities.csv.gz,competition_test_unlabeled (official order),5000,61,60-class probability matrix,,0.8218 (external-reference validation; not promoted),hidden-label test inference; no test accuracy available,80729ac6de2d165d6f817d7e5a9934f326013b322d66039d145b72cb0a2e70a1,a1898419404846250ae4650124e26903e91a8aef,outputs/v3/v3_e06m_metrics.json
V3-E06M M2,research experiment; not promoted; no formal MODEL V3,outputs/v3/v3_e06m_m2_validation.csv,competition_train_labeled (official order),5000,5,label predictions with validation metadata,0.8218,0.8218 (external-reference validation; not promoted),external-reference validation,a474b37eda17987ddafeeaf92f7b90d9ff5f6bd07b0ca6117e2d32f9b633d01d,a1898419404846250ae4650124e26903e91a8aef,outputs/v3/v3_e06m_metrics.json
V3-E06M M2,research experiment; not promoted; no formal MODEL V3,outputs/v3/v3_e06m_m2_validation_probabilities.csv.gz,competition_train_labeled (official order),5000,61,60-class probability matrix,0.8218,0.8218 (external-reference validation; not promoted),external-reference validation,c3f0cc06f26adfaac8bc8f819c8a6d29a58a30ac78756b47a5bb3fa172a2fded,a1898419404846250ae4650124e26903e91a8aef,outputs/v3/v3_e06m_metrics.json
Organizer example prediction,non-personal organizer artifact,prediction/prediction.csv,competition_test_unlabeled (official order),5000,2,submission-format label predictions,,none; not a personal model,hidden-label test inference; no test accuracy available,411195ef53f17236a88bd1bcc9375bcb308f2fe6a8d86df0965aaf00b089739d,07df6e358de7b92ebff1a178c00b19686313af74,outputs/README.md
