source_path,archive_path,bytes,source_git_blob_sha1,sha256
work/.gitignore,team_archive/wyh/work/.gitignore,595,6f57b3fa40f36e7b371a153b254d7dcac456076d,504e5806b23ab71164330a768eb60d92ac7266c4fb9f7070469dcbb5853e8934
work/README.md,team_archive/wyh/work/README.md,3338,f7d50a5b215ce6fe46646c85033f44f4b33af9ca,a651cae9dfedbc1d7821b3b13812b04d8e8bb1d7188412d6bd526cf91df62318
work/docs/contributions/wyh_v3_contribution.md,team_archive/wyh/work/docs/contributions/wyh_v3_contribution.md,9626,5207a85cad942b3be013306991644847683c0c6e,ba170a18b4014abd7e229c7d125a9284d73f81637462316dfea4f884a1e3adf9
work/docs/versions/model_v1.md,team_archive/wyh/work/docs/versions/model_v1.md,14589,c05e2e5586e29bfdcc6225ae03a5c3e0a805f5d3,4c66f6ecef66c21449fc9c5b0e2d270db94e37d1640bfd42c9528469dab3d7b8
work/docs/versions/model_v2.md,team_archive/wyh/work/docs/versions/model_v2.md,11550,57c47f72615d8659a5897d21edd587cfbca4d016,7948b60b77b857e4ce5278fcd67534df9a9371d9aa276e4afc218a024ad44bd5
work/experiments/V2-B-REFONLY_exclusion_manifest.json,team_archive/wyh/work/experiments/V2-B-REFONLY_exclusion_manifest.json,219,d17c6a6557b764ef3250ace105b732053e688889,01775f974c2d86484d7c526bdc14bf84eafed296b8d1e931a00c25c19f6d0b36
work/experiments/evidence/metrics/BRIDGE-YW004-5F_confusion.csv,team_archive/wyh/work/experiments/evidence/metrics/BRIDGE-YW004-5F_confusion.csv,9006,859db8527c39612217b202d6e9f6715fdff767e2,0cddea5c9a082dae6cc174bce27f48d5379ef3d6cf0e0a4cc2dcd7fb2dd983a5
work/experiments/evidence/metrics/BRIDGE-YW004-5F_metrics.json,team_archive/wyh/work/experiments/evidence/metrics/BRIDGE-YW004-5F_metrics.json,6788,b1074df29d3e833e9e1481141279800ab82a96fa,51923b52e51c847e23ea320526d02a2330f7d690ae40411ef923ef4c9caf9a9b
work/experiments/evidence/metrics/MODEL-V2_confusion.csv,team_archive/wyh/work/experiments/evidence/metrics/MODEL-V2_confusion.csv,9000,364b762972768b208bc72e50197932fec64db919,59bc511227f9917506028927bf358b247ec5e4a6119fd9d703c01c64691ca3ff
work/experiments/evidence/metrics/V2-A-SPATIAL-LGBM_confusion.csv,team_archive/wyh/work/experiments/evidence/metrics/V2-A-SPATIAL-LGBM_confusion.csv,9008,8bc9950aeccf71c9fc2b3849d1db1d133a35b99e,e40dc7b5f8e3d633d93928e0c840c8e871a6b32c02c6c0ee15f6c00cbc4cd0bc
work/experiments/evidence/metrics/V2-A-SPATIAL-LGBM_metrics.json,team_archive/wyh/work/experiments/evidence/metrics/V2-A-SPATIAL-LGBM_metrics.json,10606,d4d2438952c261b95dff1606642e385547e38299,ad738346f24e0f5183ccc6063dc49a5a1d34da54a437b3ad211698cfa4015ef4
work/experiments/evidence/metrics/V2-B-REFONLY_alignment_audit.json,team_archive/wyh/work/experiments/evidence/metrics/V2-B-REFONLY_alignment_audit.json,4657,aad245efbec46ad03a532879649a1c9f1fcd450c,7d0ff103e17f4b2ed0ffd618f1e1c54f6ccbd3033468328e3c9fb3827b26b667
work/experiments/evidence/metrics/V2-B-REFONLY_comparison.json,team_archive/wyh/work/experiments/evidence/metrics/V2-B-REFONLY_comparison.json,400,9916bae01d2381e9b03d446c859b1a10884f78aa,78a9a12ca6e729701e9f4ec5406f6850523b88297361d73407cb94aa20e2c096
work/experiments/evidence/metrics/V2-B-REFONLY_confusion.csv,team_archive/wyh/work/experiments/evidence/metrics/V2-B-REFONLY_confusion.csv,9000,364b762972768b208bc72e50197932fec64db919,59bc511227f9917506028927bf358b247ec5e4a6119fd9d703c01c64691ca3ff
work/experiments/evidence/metrics/V2-B-REFONLY_exclusion_manifest.json,team_archive/wyh/work/experiments/evidence/metrics/V2-B-REFONLY_exclusion_manifest.json,393,49a56a31698171f5b806da8f04cb533c0c85ec7d,d838124324a7c84341ef3c01765bcfcaec793a85619050985293ebc56aafa70e
work/experiments/evidence/metrics/V2-B-REFONLY_leakage_audit.json,team_archive/wyh/work/experiments/evidence/metrics/V2-B-REFONLY_leakage_audit.json,1184,7b2daf03f5fa5cc97511f03723fd7590e2f57361,0958a6cbcb0551b3e1856ec8e93843c6f1e25bc265a38940f277133987b0bf31
work/experiments/evidence/metrics/V2-B-REFONLY_metrics.json,team_archive/wyh/work/experiments/evidence/metrics/V2-B-REFONLY_metrics.json,11927,47f4168025e6d94e63a499e66212f4f4832f8a85,68aa3002f226ac1e5a3b436b12075b67e7166033e93be5f6a9388f9da00d705a
work/experiments/evidence/metrics/V2-B-REFONLY_overfitting_audit.json,team_archive/wyh/work/experiments/evidence/metrics/V2-B-REFONLY_overfitting_audit.json,1011,6a5f8f55f3c8ed61dbec0719de4950ea48150f2c,7071a51188f662fb37d8dca1ba17bd25cb23f67a7d751e73e5412aaec33a7d82
work/experiments/evidence/metrics/V2-B-REFONLY_reference_provenance.json,team_archive/wyh/work/experiments/evidence/metrics/V2-B-REFONLY_reference_provenance.json,6154,97aedd412073e12e9b8b2c3a2b40b3ed1dc77340,55280cc0dfd6f11896704c722231f9cd25dfbbfe0c7ba899197db1036d39447f
work/experiments/evidence/metrics/V2-C-complementarity.json,team_archive/wyh/work/experiments/evidence/metrics/V2-C-complementarity.json,11728,a644ed6aebab4282a53f156acb2dc41172a5ebad,866555fda0f9cc45020417991086c54f501d190d986b6d6d3f85408185e5f0a9
work/experiments/evidence/metrics/V2-C-scoreboard.json,team_archive/wyh/work/experiments/evidence/metrics/V2-C-scoreboard.json,14247,28492d5ffe93b9ee7cffe5caeebd4ad48d274519,e39c18f9415aa7fdabcbb091d83f8fd120ffab378a615471d3924006968ad55d
work/experiments/evidence/metrics/YW-000_metrics.json,team_archive/wyh/work/experiments/evidence/metrics/YW-000_metrics.json,2398,03a9a4a33d225e1292ef2d29b9841d540c61dd4f,1a2c4d114c40fec15ff19f2156fd3051e7ca69f8cc1fef93d5347459fff029ab
work/experiments/evidence/metrics/YW-001_metrics.json,team_archive/wyh/work/experiments/evidence/metrics/YW-001_metrics.json,3333,3892d25e6696d0ddbc2193c3ee8288770bf14db2,a43f16d465cda271f6fc84bc66da300d8f5b9186b4514832a8f5e6cb0834b855
work/experiments/evidence/metrics/YW-002_metrics.json,team_archive/wyh/work/experiments/evidence/metrics/YW-002_metrics.json,7495,c9e288d3d9bb73d6be5846211dabda54f60881d1,eb79227dd5c29f8fd3db33eb8ac7e4360a96330bb926808f24f30e10358165c6
work/experiments/evidence/metrics/YW-003_metrics.json,team_archive/wyh/work/experiments/evidence/metrics/YW-003_metrics.json,7575,a8f242de210c7ad4da64a810ed26b05b09dfca4d,127048c3c830572f0c04eb4112f503a0a524574ed679c234836b4098507ed7e3
work/experiments/evidence/metrics/YW-004_metrics.json,team_archive/wyh/work/experiments/evidence/metrics/YW-004_metrics.json,8786,83cf67305dd714dc84b52d129ab733956351005d,d592a0f9af4cc5bb5cd269a5144473c141ef862a89b9479e0a5096b5330fcaba
work/experiments/evidence/metrics/YW-005_metrics.json,team_archive/wyh/work/experiments/evidence/metrics/YW-005_metrics.json,6815,c8be53a6bf894e295d992f338deb9974290dc130,f876babcff8430a68543baa9acddfd307e40ad618f6a3361a6dfb0c71afde6b0
work/experiments/evidence/metrics/YW-006_metrics.json,team_archive/wyh/work/experiments/evidence/metrics/YW-006_metrics.json,9933,226e9fbc0039cdb14f134374cf1f2b47b229c854,d849d447209b43af67ea90570125250a40fbae1a7dd2a4dd2248ef4401daf008
work/experiments/evidence/metrics/YW-007_metrics.json,team_archive/wyh/work/experiments/evidence/metrics/YW-007_metrics.json,6120,ed921c5e1e397b36e0a182350a27f5f1cfa74c52,4589edf9b3bb0de978ef971fb92a9374972aab1699382cef0b6f42214fbb1dbc
work/experiments/evidence/metrics/model_v1_class_order.json,team_archive/wyh/work/experiments/evidence/metrics/model_v1_class_order.json,1374,e1258d4b16f00b47e3007a5c48517f7badcd4fae,c70c451a7f991f3c7756d7a140c2601c7ce73efcf058142f2c1e8883688b8945
work/experiments/evidence/metrics/model_v1_metrics.json,team_archive/wyh/work/experiments/evidence/metrics/model_v1_metrics.json,1564,70586472a71911f1f4a81b65355318c4617d0207,38c0e382333881e465b1edc90514f36adf976a6e124c32fbf08a0e305262a1a2
work/experiments/evidence/metrics/model_v1_signature_summary.csv,team_archive/wyh/work/experiments/evidence/metrics/model_v1_signature_summary.csv,1970,ca9b8ff679a5c67e29c764d1251f63b2f6dc1c6c,a4c6f4ffcd7e27b4183a0f64dc80140ea59eb68db251395ca668aa02626b7044
work/experiments/evidence/metrics/model_v2_metrics.json,team_archive/wyh/work/experiments/evidence/metrics/model_v2_metrics.json,2587,801774fdd02234f8e817c9e00d6b22471f51bc18,ffa35251ea50483a74396c50cdeb558c14889c436385abfb261069864ad2166e
work/experiments/evidence/metrics/model_v2_selection.json,team_archive/wyh/work/experiments/evidence/metrics/model_v2_selection.json,1685,27a9981a2c61c5902789ce20d26509292318cd49,f397ad68580a41fea22d4a4ef0396928a9fcc7540f34216dc8067709793c8ff7
work/experiments/evidence/metrics/sprint2_comparison.json,team_archive/wyh/work/experiments/evidence/metrics/sprint2_comparison.json,5300,53916fed1c52e5583c2ceb263bcd32ca38b4fb07,c2b2898fa014e1469a4e1e4f55493f553dc7a1b1ad4622d6302433cb2cc08d5a
work/experiments/evidence/metrics/sprint3_comparison.json,team_archive/wyh/work/experiments/evidence/metrics/sprint3_comparison.json,5102,026a2c85ef95d95b4cfc4c08094bc8d78ec21461,36bfa4f19936f2621fdd22c0bfabdf5f37cff89f06c579efb08ea0f61e6ffaed
work/experiments/evidence/metrics/sprint4_v2a_comparison.json,team_archive/wyh/work/experiments/evidence/metrics/sprint4_v2a_comparison.json,1227,105adb8696050bc13a3e93997c5a0c2815f409c4,fc3488fa3a29b6f533086e9767fe2405d5fc74c727d188419b62afa2504fc364
work/experiments/evidence/submissions/model_v1.csv,team_archive/wyh/work/experiments/evidence/submissions/model_v1.csv,182073,3fda4fbe9c5de386718007c19c1ee5f0b449b528,c82acc6a444206eb48b5f4e9dec04ab3657892b7e6d4c1ab573d1dbd611553fd
work/experiments/evidence/submissions/model_v2_candidate.csv,team_archive/wyh/work/experiments/evidence/submissions/model_v2_candidate.csv,182144,28085e08ed40d6b7e417330047ee1e7fcda8ee1b,8a110aec5d2b957e603cc3e3cbdc1e0402949790a0208dff0f285c14adc7c7ac
work/experiments/evidence/v3/v3_e00t_anchor_recoverability.csv,team_archive/wyh/work/experiments/evidence/v3/v3_e00t_anchor_recoverability.csv,225,db3f47345b28da870e2b7117f01c98cccfad2ea1,003bd0b0eec3f1b03548b8619567fbea92755555b2e63ea08236ecdec3f20f7b
work/experiments/evidence/v3/v3_e00t_expert_manifest.json,team_archive/wyh/work/experiments/evidence/v3/v3_e00t_expert_manifest.json,12478,7a67ce71a688750baea7277ce08b9232fab6df1a,3b6a824025150a4e36145a20a8b4c700e0a38a9744b2636f30a3bdd56d81de55
work/experiments/evidence/v3/v3_e00t_metrics.json,team_archive/wyh/work/experiments/evidence/v3/v3_e00t_metrics.json,50598,8748cd1c628ed9fc9064d13e448171ce33e8e005,3682aa5604ecae8bf0d6f32192d3e1932c541443203dd686165c4153bd83806f
work/experiments/evidence/v3/v3_e00t_multi_expert_oracle.csv,team_archive/wyh/work/experiments/evidence/v3/v3_e00t_multi_expert_oracle.csv,304,15241868e3a7c121c3d5e108a0cf37947bcc4ce9,9abe78faa730e9759d39584e851fdc3b5c4740095052ace6078cce8cc2fee498
work/experiments/evidence/v3/v3_e00t_pairwise_oracle.csv,team_archive/wyh/work/experiments/evidence/v3/v3_e00t_pairwise_oracle.csv,598,3e13c0f9d8fb340ef7c8d3edc894e3ee27e66f5a,57ed55742ef9985e4810241f9526c1a7a5a0130ebbf0e70bca1378c7ecfdefd4
work/experiments/evidence/v3/v3_e00t_tables/anchor_confusion_recoverability.csv,team_archive/wyh/work/experiments/evidence/v3/v3_e00t_tables/anchor_confusion_recoverability.csv,9882,80114394b4bcd6f7f5ebefe486a802136f0b66a2,12ed02b2808bc270ef7b924c6a4d4ebdd796fbbf79bd10ab42e7a272bf2a77e6
work/experiments/evidence/v3/v3_e00t_tables/consensus_diagnostics.csv,team_archive/wyh/work/experiments/evidence/v3/v3_e00t_tables/consensus_diagnostics.csv,760,1a3358ddfefc55cc57e3868630240772e8332f3b,dadbae1de1a2038109df76415513b37126f527e85cc9f77af9a10c963329ee49
work/experiments/evidence/v3/v3_e00t_tables/reliability_feature_inventory.csv,team_archive/wyh/work/experiments/evidence/v3/v3_e00t_tables/reliability_feature_inventory.csv,1232,d131d075d33a5e83691e5bfb584e49d1fee0fefa,c5651c7a8d8affb6e4e513bb5c43f012f74520df6ffd8d5d6794ff78e837029d
work/experiments/evidence/v3/v3_e02d_complementarity.json,team_archive/wyh/work/experiments/evidence/v3/v3_e02d_complementarity.json,25955,aa44a3528f66730c5fd998108d210ae590e4468f,1868c9f164b66a568c415955ceb29a015abd4791f14d480d7d6f8aa0c66d49fa
work/experiments/evidence/v3/v3_e02d_reference_signal_metrics.json,team_archive/wyh/work/experiments/evidence/v3/v3_e02d_reference_signal_metrics.json,15277,c4a577b10aa8ba7019050f60812f3123ac440099,158e007e822a0ae92498626ba132803af49e6a8997e820a47db5c2d884e83f34
work/experiments/evidence/v3/v3_e02d_student_comparison.csv,team_archive/wyh/work/experiments/evidence/v3/v3_e02d_student_comparison.csv,730,c2997e4a644b7c3ddb13db85a9f60917118cef4b,f20f725de7f3c0341066cfb98e9eb5c69083d6fdba7cedae0d9ab2f2606c4db0
work/experiments/evidence/v3/v3_e02d_teacher_metrics.json,team_archive/wyh/work/experiments/evidence/v3/v3_e02d_teacher_metrics.json,18121,7a76fddeda76ba1f7de11ab7a5ed79c366840a32,2a7fd623646d1f962bac27d7da034bb61772013e30e9038d5ea85f08becacec3
work/experiments/evidence/v3/v3_e02d_unique_recoveries.csv,team_archive/wyh/work/experiments/evidence/v3/v3_e02d_unique_recoveries.csv,22347,6962c8309fc4f12b5e61f7806b83484c02898064,617f9420e869dbb0725a30b6fe748115ef971bb76ee1f5c0b9b8f20a8cb60b13
work/experiments/evidence/v3/v3_e03a_family_rescue_map.csv,team_archive/wyh/work/experiments/evidence/v3/v3_e03a_family_rescue_map.csv,471,ec3c2e9fd0569b8babb8658fd49d94071411159f,a387f16d1b264becca7ec81181cc43822f2030b8fb7f827d3794e4f50977207a
work/experiments/evidence/v3/v3_e03a_feature_diagnostics.csv,team_archive/wyh/work/experiments/evidence/v3/v3_e03a_feature_diagnostics.csv,8854,b12b0bf64e91ab6e3f798b2f457ae9453360d94b,ca0986591a7f137a23f700e281dac14e3997eb6da8c996a87e050ad3668a009f
work/experiments/evidence/v3/v3_e03a_positive_rescues.csv,team_archive/wyh/work/experiments/evidence/v3/v3_e03a_positive_rescues.csv,45540,009899c42aea0e70c41b7371ad7544eec687e954,34ab20e1474baee9ab6821d0b4e3265256ae4828a496a54340464373de3bed36
work/experiments/evidence/v3/v3_e03a_rescue_metrics.json,team_archive/wyh/work/experiments/evidence/v3/v3_e03a_rescue_metrics.json,81871,38444444228c5a8cacf69fb24c5b1f93d084c188,ad2ce32c73288d75e74ef328ba248bc7f4bd6460ad862896244f89584eb626e9
work/experiments/evidence/v3/v3_e03a_tables/agreement_states.csv,team_archive/wyh/work/experiments/evidence/v3/v3_e03a_tables/agreement_states.csv,472,9eab1ebb38ccc2a206e2cd91bd541b97e59ca36b,dc4dca1f19f3bacf2b52c8bb06cab1994b90eee918d15c3b2d90b220c4679414
work/experiments/evidence/v3/v3_e03a_tables/confusion_pairs_lzh.csv,team_archive/wyh/work/experiments/evidence/v3/v3_e03a_tables/confusion_pairs_lzh.csv,1634,8c77ff312ee0a7726afc1e383239c6b0daf989b0,d3a667f69112ebc0d19ac9f43c4317a5c49d913e86dee0f392c6f392113c628b
work/experiments/evidence/v3/v3_e03a_tables/confusion_pairs_wyh.csv,team_archive/wyh/work/experiments/evidence/v3/v3_e03a_tables/confusion_pairs_wyh.csv,1658,a780b13890670e83903c5c9ee0dee2ad6f5ea636,4c50a118f9541a75e26bdc2862a497ec2848ceb668933f5287a1c90fc01ca442
work/experiments/evidence/v3/v3_e03a_tables/feature_inventory.csv,team_archive/wyh/work/experiments/evidence/v3/v3_e03a_tables/feature_inventory.csv,7503,3987aaa2a7f3badcd5dc3e6a2596480818c47bde,e1be545c055f3dc1e8673ca323c3ecd43ad690ba43af4508febf35aa5cd1048e
work/experiments/evidence/v3/v3_e03a_tables/quantile_diagnostics.csv,team_archive/wyh/work/experiments/evidence/v3/v3_e03a_tables/quantile_diagnostics.csv,2173,5562c0f756ad33f4e2b994d514a881380b3072be,ec5134e37b4cc071d83d15f134a285c6d2e8278c2c186a112bf682952e97a454
work/experiments/evidence/v3/v3_e03a_tables/rescue_ceilings.csv,team_archive/wyh/work/experiments/evidence/v3/v3_e03a_tables/rescue_ceilings.csv,306,6e01d235472d5fb29934354ff01c50f35efed2dd,8dac44492221be55c9f997e1342e2d31960a54b5f258f93fa7838b56b9106154
work/experiments/evidence/v3/v3_e04s_complementarity.json,team_archive/wyh/work/experiments/evidence/v3/v3_e04s_complementarity.json,19235,3bb6a475a2ef5f1c5aa4d5b2a3087fbc83f14fcb,f9e46ae19e187f307ba5a2282d7f444c14b71d1e9d1fe735fb9b796986a6bc50
work/experiments/evidence/v3/v3_e04s_dataset_audit.json,team_archive/wyh/work/experiments/evidence/v3/v3_e04s_dataset_audit.json,8646,a008ca8b7140d93b3ac7396a2c8f723ecb56124f,0079e2f5ebc0685a01508b190cdc7d6198acb351906b1a00852a930248ec3004
work/experiments/evidence/v3/v3_e04s_new_unique_recoveries.csv,team_archive/wyh/work/experiments/evidence/v3/v3_e04s_new_unique_recoveries.csv,14444,c7ca1abd8ae970dca7f646b25feda3dee90c829b,1a25698bbe39a9fcf9cd6c62b7029ad846904b612616bc9ecbab9b41245da1e6
work/experiments/evidence/v3/v3_e04s_pairwise_oracle.csv,team_archive/wyh/work/experiments/evidence/v3/v3_e04s_pairwise_oracle.csv,536,96ab7f66f0ca00dcb62adc13bdb0ebb0070943d6,755152fe8aecfcdd77a2e0f2ab24ced01facbafd575ededd73fb7d1463435c8f
work/experiments/evidence/v3/v3_e04s_tables/shared_confusion_sni_rescue.csv,team_archive/wyh/work/experiments/evidence/v3/v3_e04s_tables/shared_confusion_sni_rescue.csv,1413,045637621f7956e8cf50b3f0d56e91c191a3f8c9,2fbf85b4992cee2726bf43c9488f651922aeb92bfb3f09e479881c45b097d970
work/experiments/evidence/v3/v3_e04s_tables/sni_family_accuracy.csv,team_archive/wyh/work/experiments/evidence/v3/v3_e04s_tables/sni_family_accuracy.csv,266,89b01f0ab76e14d6bb1248992688f8ecf3ce1bc2,e5ceeb9b4c3e696f0606077d8703edeef50fad6261f1480af3d9cc635609b2a4
work/experiments/evidence/v3/v3_e04s_tables/sni_new_recoveries_by_family.csv,team_archive/wyh/work/experiments/evidence/v3/v3_e04s_tables/sni_new_recoveries_by_family.csv,130,473c93098f5ac9ef9a60664cab2d5429c10126a6,bd05ff967dce0fa70e801f13aafe30ffa277f18da17c2efac358b21ea13d43f7
work/experiments/evidence/v3/v3_e04s_tables/top_recovery_classes.csv,team_archive/wyh/work/experiments/evidence/v3/v3_e04s_tables/top_recovery_classes.csv,331,0a8b21057c373baca8cf4c66a069859b61fc50d1,df05f0fbac107fc35dcddb890c0e42e08a243715f27948ea6b06f73854203302
work/experiments/evidence/v3/v3_e05a_directional_hypotheses.csv,team_archive/wyh/work/experiments/evidence/v3/v3_e05a_directional_hypotheses.csv,1720,530ff4b9dc3ad01988a44d2f7ff90a7675c56dea,dbd2e051f633ee6b4ca7d7052a2018cf827a0d9dfec282dfb99e080ace71b67a
work/experiments/evidence/v3/v3_e05a_directional_metrics.json,team_archive/wyh/work/experiments/evidence/v3/v3_e05a_directional_metrics.json,88783,842e805bb423b26085f1a85db90945be01d26c4c,f477aa38ff05823f21cfeaf9d737d00479badbfa9699a0c4acdf3ae0705282c7
work/experiments/evidence/v3/v3_e05a_fixed_patch_diagnostics.csv,team_archive/wyh/work/experiments/evidence/v3/v3_e05a_fixed_patch_diagnostics.csv,774,d3ffe3359c02a004369f93b784461bc0febd5446,02cd64dffc263d48c3fd6929368441334cde7af4bef57089b54eb9018a976955
work/experiments/evidence/v3/v3_e05a_oligo_direction_matrix.csv,team_archive/wyh/work/experiments/evidence/v3/v3_e05a_oligo_direction_matrix.csv,6114,90368b659eff7de54feaf3f0afd000a73e74b7ea,4aaa2061838f4b63af07b9a1ddcd275a53012a0d00fffdb55251a0625723ccfe
work/experiments/evidence/v3/v3_e05a_strong_consensus_analysis.csv,team_archive/wyh/work/experiments/evidence/v3/v3_e05a_strong_consensus_analysis.csv,3510,a228e65666661ca5bbe6a0b666e98d3a034696fe,857a9ac41741290356f76205569161b22ea64903b073c5f95928c997bd39876b
work/experiments/evidence/v3/v3_e05a_tables/hard_bucket_hypotheses.csv,team_archive/wyh/work/experiments/evidence/v3/v3_e05a_tables/hard_bucket_hypotheses.csv,601,a737ea383a0febacc4ef8160b8070b109f5dafe2,59a458df1a8f0fbe2c94c63341960ca39ae4390dc1fc3d3f13ca0a31e965b5b9
work/experiments/evidence/v3/v3_e05a_tables/non_oligo_controls.csv,team_archive/wyh/work/experiments/evidence/v3/v3_e05a_tables/non_oligo_controls.csv,359,eefdbdd7617bef741814cebf9ae48d0a526e492a,38776ce6dbe5f2867b3f27b4f5216e9a89e86333753c519d04801f5cbc74913e
work/experiments/evidence/v3/v3_e05a_tables/s0_vs_sni_on_triggers.csv,team_archive/wyh/work/experiments/evidence/v3/v3_e05a_tables/s0_vs_sni_on_triggers.csv,733,7679b5b785945bb83def06cbf3422375f6a1ea03,1fdb960e1af3748eb7dfe26a2c5eb0a8a3435c3f7d6332d907cff1e55d7dc232
work/experiments/evidence/v3/v3_e05a_tables/triggered_cells.csv,team_archive/wyh/work/experiments/evidence/v3/v3_e05a_tables/triggered_cells.csv,35175,b4756b49dda68014050c4fa2e056b135bb1c6a77,9138f5e4f591922aabeb6e2a6d373887231aef129886904ae443c54a9ec11365
work/experiments/evidence/v3/v3_e06m_candidate_comparison.csv,team_archive/wyh/work/experiments/evidence/v3/v3_e06m_candidate_comparison.csv,688,56641818c1dea7f505728f9cb171e3fafef00bfd,0835a2da9cb4e4cfcb7d14445afdadcb5f32364b2b48e3e663e622c6dac93015
work/experiments/evidence/v3/v3_e06m_cell_deltas.csv,team_archive/wyh/work/experiments/evidence/v3/v3_e06m_cell_deltas.csv,465,326fe6179d94b5c6715e827a34d8d263d6217b26,ef068dd3a0af873019a00f72b0c1e1bad5111396e17101eb1a8f9ed031c4efa0
work/experiments/evidence/v3/v3_e06m_complementarity.json,team_archive/wyh/work/experiments/evidence/v3/v3_e06m_complementarity.json,3814,a6603749d39827813c70a00f40820af1b99023b9,b00ce013336fa3e021da0e00a37ff704b258cf8839564663c932c13e8cbf4475
work/experiments/evidence/v3/v3_e06m_dataset_manifest.json,team_archive/wyh/work/experiments/evidence/v3/v3_e06m_dataset_manifest.json,2791,3eb64b41e95930519b082cd57b2f0d330d1e62ad,00fa82bbb3c56967e98f5e43aa2e16589a0a2d777e60e1d2b67d5083b8567505
work/experiments/evidence/v3/v3_e06m_metrics.json,team_archive/wyh/work/experiments/evidence/v3/v3_e06m_metrics.json,11626,bc9f69869cde22b8767b769e7480213291d1951c,f0a3d263d449f8b22d4f960eefa3fff7adeb847ab27d99fdbe001d6188877050
work/experiments/evidence/v3/v3_e06m_new_unique_recoveries.csv,team_archive/wyh/work/experiments/evidence/v3/v3_e06m_new_unique_recoveries.csv,2321,cfdb01ea3598eef04aedd8ee13351aa7787a7731,618025a90368b6a0066e1ba153b6b2c2d8fbfbdf5dd9e7f8435391bde849e5a3
work/experiments/evidence/v3/v3_e06m_pairwise_oracle.csv,team_archive/wyh/work/experiments/evidence/v3/v3_e06m_pairwise_oracle.csv,590,d8c9089dc71b167d292970b9fe90cdb420a691e3,331da6cdb4ad0f6a4e566025bed59d1a29e313d8ed75c6c812864bd1cc1c5d1b
work/experiments/evidence/v3/v3_e06m_sni_transfer_capture.csv,team_archive/wyh/work/experiments/evidence/v3/v3_e06m_sni_transfer_capture.csv,9528,b2bd99c131888241a7c248f3a3d79e351385da8b,efac7d5380f1e5ed8502aab2b8ba6afffb4442e98a088795bcab9c274a704e9c
work/experiments/evidence/v3/v3_e06m_source_weight_audit.json,team_archive/wyh/work/experiments/evidence/v3/v3_e06m_source_weight_audit.json,1615,445b4090fa2a86f701f8cf0f4fbb41fe5697aeb1,256cfe84f1ed3912a72df7989937b2be030fd818253f5d0f5b35d71db1b1910a
work/experiments/evidence/v3/v3_e06m_tables/m2_family_accuracy.csv,team_archive/wyh/work/experiments/evidence/v3/v3_e06m_tables/m2_family_accuracy.csv,398,f6c720790f5705e614b7a29b4a05ea384b6472ae,993706a4aa7425dc5740f17877bb5a31c92d9002fc8aa01ec4eae5b1fdb7216d
work/experiments/evidence/v3/v3_e06m_tables/m2_new_unique_by_family.csv,team_archive/wyh/work/experiments/evidence/v3/v3_e06m_tables/m2_new_unique_by_family.csv,267,cf9b744d7918adb474e0e09d9c82878fe553e150,4a229d91da511bfbe7e3bb0986bb5d0f0f12f6c994dad8cfca6f90b01ba9d7a9
work/experiments/evidence/v3/v3_e07d_bootstrap.json,team_archive/wyh/work/experiments/evidence/v3/v3_e07d_bootstrap.json,681,aa8b942e5e31f10e5ea08a1b42bcdce180fbc9c3,6358e72ed59a61e1ebf09fc58412c5da86821d6041f922b7d3a397921c220223
work/experiments/evidence/v3/v3_e07d_calibration_audit.csv,team_archive/wyh/work/experiments/evidence/v3/v3_e07d_calibration_audit.csv,3225,aab458ebaf93630c4aeeaf1a3c2838c90f9ec726,faa2c630247bd62e4b233270d853167b671e4b395f2fd4a67cdf33092b96ec3c
work/experiments/evidence/v3/v3_e07d_candidate_summary.csv,team_archive/wyh/work/experiments/evidence/v3/v3_e07d_candidate_summary.csv,637,7193337eaf0501d194c250d2ebb0a4ced918ef54,1bdd656c79a6c85b5e7201a164e2a9fe8bcc8b07240872c18378518f67d69bfa
work/experiments/evidence/v3/v3_e07d_classwise_stability.csv,team_archive/wyh/work/experiments/evidence/v3/v3_e07d_classwise_stability.csv,8014,9842968b20cacaec17a7c67c7c0824e59daf92a6,5d4154183b5f46517b9419d12b1ee0e55a1606921e290685e7dd54ff785aebed
work/experiments/evidence/v3/v3_e07d_decision.json,team_archive/wyh/work/experiments/evidence/v3/v3_e07d_decision.json,41435,dfd34a11d415eed66e875ad7c5d8b43662108a0b,716198b2231447d425d543ca60d873f5727b07ca053c6b6848967b34afc5b6d8
work/experiments/evidence/v3/v3_e07d_pairwise_tests.csv,team_archive/wyh/work/experiments/evidence/v3/v3_e07d_pairwise_tests.csv,344,e3b2886ef3db3401337204dcd503a298d324bc5a,583eeec794c3834c7742ea6272878b229274181fab2e21fafb4ac0717405f93c
work/experiments/evidence/v3/v3_e07d_section_stability.csv,team_archive/wyh/work/experiments/evidence/v3/v3_e07d_section_stability.csv,7360,2c9fd655d47525a327df720655cf9eb9eec4aa07,476b641fa233a6371d49697c0599ca4db28366ae597f311430aefda43c4046e4
work/experiments/evidence/v3/v3_e07d_slice_comparison.csv,team_archive/wyh/work/experiments/evidence/v3/v3_e07d_slice_comparison.csv,1531,201c7c01cde06acdac6716ef84728c8ad78a8a36,b930bf58c009274fdfe7accbdd1afb5e1cfaee4c79a9fcd773827cfa711ca270
work/experiments/evidence/v3/v3_e07d_tables/candidate_summary.csv,team_archive/wyh/work/experiments/evidence/v3/v3_e07d_tables/candidate_summary.csv,637,7193337eaf0501d194c250d2ebb0a4ced918ef54,1bdd656c79a6c85b5e7201a164e2a9fe8bcc8b07240872c18378518f67d69bfa
work/experiments/evidence/v3/v3_e07d_tables/m2_top_gains.csv,team_archive/wyh/work/experiments/evidence/v3/v3_e07d_tables/m2_top_gains.csv,1712,564b2bc591638c3e854d84dac7834e2f26fc5051,2ff7457df9e912d029232239242490a6ab985b870bd167e4854706dfcde9dff2
work/experiments/evidence/v3/v3_e07d_tables/m2_top_losses.csv,team_archive/wyh/work/experiments/evidence/v3/v3_e07d_tables/m2_top_losses.csv,1815,ddf57b778fbd6d38c8b3319866da152967ac35d6,5599710d7cf892aacd90abfec61fbade34a712773be06dfa368482881adfba61
work/experiments/evidence/v3/v3_e07d_tables/rare_class_buckets.csv,team_archive/wyh/work/experiments/evidence/v3/v3_e07d_tables/rare_class_buckets.csv,428,de690fdf92559e998d2a63ff0d93b5e13b55b19b,2d7c779c83e12c6bdfbb0d6cb88091d5137bd61d99022fca3942d39310527d15
work/experiments/evidence/v3/v3_e07d_tables/slice_comparison.csv,team_archive/wyh/work/experiments/evidence/v3/v3_e07d_tables/slice_comparison.csv,1531,201c7c01cde06acdac6716ef84728c8ad78a8a36,b930bf58c009274fdfe7accbdd1afb5e1cfaee4c79a9fcd773827cfa711ca270
work/experiments/evidence/v3/v3_e07d_test_shift_audit.json,team_archive/wyh/work/experiments/evidence/v3/v3_e07d_test_shift_audit.json,796,da4e94cc8552404f7f72fb0d010b6684d6b2c712,69911201fe93e60e4d15c73367fcaf770495f1ad66486f8bad145081dae38d5b
work/experiments/evidence/v3/v3_research_program_manifest.json,team_archive/wyh/work/experiments/evidence/v3/v3_research_program_manifest.json,3641,6eb4335a5c35d70c018fbf07893a1d52eef31eb9,f9632c6fc402ee6803b6c344a917008a108a11cfaf8d19c13e3d30ce8326dc1f
work/experiments/evidence/v3/v3_research_program_metrics.csv,team_archive/wyh/work/experiments/evidence/v3/v3_research_program_metrics.csv,6238,933416291d68cc3e498127b6153db1793dd6ee69,0a39d33857018b89d9f09938a74d0eddadc4f0d2f329dd0b4662b06374797ed9
work/experiments/folds.csv,team_archive/wyh/work/experiments/folds.csv,110013,6d22d2dd3034207fd900e8a0cc6eeedd7a96ce95,5db83f1275c73cbd0a6748f98a046cde128ccb6c28a05966886f101521d8f8d9
work/experiments/official_data_manifest.json,team_archive/wyh/work/experiments/official_data_manifest.json,10039,39ff22c1835a6c2702f8886553171c5e2285ee0c,0398d8762ae708b2d5bb2ada25327f3756394e62ee47f152a0190228373f0896
work/experiments/registry.csv,team_archive/wyh/work/experiments/registry.csv,5654,e72291d627541c52955916fe616b91902b5975d1,c452deadf4a694727f17412fc36e6d83fe799c997c633081c3ad1600969d58d4
work/experiments/registry_v2.csv,team_archive/wyh/work/experiments/registry_v2.csv,3402,6744b79a648436413e626edf0de650989f0e13e0,7b6e291f39bedcac6354740f1d8978a72fa20154645f01b3e4e7009a12dbdafe
work/experiments/team_folds_5_seed42.csv,team_archive/wyh/work/experiments/team_folds_5_seed42.csv,110013,9e8c0e3a5ea3bcdc6c548e5eeefa6772eb08a98c,fe2baf2b41f824125fe46705f15d4499f0c3ce76cc149802320b6e6c1f5edb9d
work/experiments/v3/v3_e00t_team_expert_audit.py,team_archive/wyh/work/experiments/v3/v3_e00t_team_expert_audit.py,81953,3504f613d321ffbe31f9af87d5c309643cdf50f2,340ae8568c707804b40cfa3f7e2266abec68d7dff6117b250bdeb158754a365a
work/experiments/v3/v3_e02d_privileged_gene_distillation.py,team_archive/wyh/work/experiments/v3/v3_e02d_privileged_gene_distillation.py,68467,9f1f21ae2dafa6fc42374436a1a79e341e746642,001f53cb020a8bf3c0b4b3de79dc067881763c6d8e600623e3258eb7dba41cf9
work/experiments/v3/v3_e03a_rescue_audit.py,team_archive/wyh/work/experiments/v3/v3_e03a_rescue_audit.py,69084,78811afa79fdfb17e7d02920e96ce27687dec520,bca654726620110fb74377d0a25aa14b68ba5a673566e9361200c48034e2d337
work/experiments/v3/v3_e04s_sni_source_expert.py,team_archive/wyh/work/experiments/v3/v3_e04s_sni_source_expert.py,62081,5e08dc0929e3d04ece9489ecece6d01a0e5292a6,684dedd2c7e5976205e902057312657ad1a75a437b74b39c2497bbd40c0bf6f0
work/experiments/v3/v3_e05a_directional_complementarity_audit.py,team_archive/wyh/work/experiments/v3/v3_e05a_directional_complementarity_audit.py,79904,a8d815eca6ef1ca24080b4bfe439a49d51a75e3c,693b441965de45d576c58853acb76eb0c9aaa30ea408a5f0db15c03284de690f
work/experiments/v3/v3_e06m_source_balanced_multireference.py,team_archive/wyh/work/experiments/v3/v3_e06m_source_balanced_multireference.py,78229,33a464b68b30e1a478eafffe1532b1a2d5c41ccd,5daa0ce3b7b718048bd6e6df96187df7b040df9bc356bb054481194ca7a9b44f
work/experiments/v3/v3_e07d_final_deployable_decision_audit.py,team_archive/wyh/work/experiments/v3/v3_e07d_final_deployable_decision_audit.py,79239,3b166990c4c9453593a1a093afd2faa51c57348c,b50b961cfc460f2a439de64eb6d79b7d9978a3ac8aed1ffd383a4d68f651606a
work/legacy/README.md,team_archive/wyh/work/legacy/README.md,7684,047747009e16c9c8398df9a1f67b44ef737e4161,3875cebd593ff9753b2c5183027d7c9b41739d3c51846e33b9f897daf5d4fb8c
work/legacy/baseline.py,team_archive/wyh/work/legacy/baseline.py,740,7109101f8c37819de8b17f85bc635f13a8dd8fb2,0ae1118b3de8e7ff376317a83a6b6be6799db98224cc7b3fb70995e4092b2e9b
work/legacy/common.py,team_archive/wyh/work/legacy/common.py,4344,64595cf9f46bca0ccb5e3a563bbc1a9420d71b67,dbc250c7a482ab424c8d8a6d102b62ebc46ef2c7111b961a0aa1dc8bf544d911
work/legacy/ensemble.py,team_archive/wyh/work/legacy/ensemble.py,2998,738dace5aa7b92961a81404c7e7a8541e6c1b1fc,a5ec3e24987c15432325071b4d7ce5b1da7b60ffa9c9fa53004d96c6536de658
work/legacy/experiments/cat_timing.py,team_archive/wyh/work/legacy/experiments/cat_timing.py,1204,f3234e74cd8f8cf0df6d072c520f248d2935698a,da2d01e832582fb69e6ef86a4038107423fccb677d57879649bd93dbb297c379
work/legacy/experiments/cat_timing2.py,team_archive/wyh/work/legacy/experiments/cat_timing2.py,1415,8e97a52c0cf7fbe10712f9de53bae6c056ba29b4,e670ad0a933ecfa86c8f528e8c241b328f8bcb1a8cdbf6c652fb71acbcfe2635
work/legacy/experiments/exp_anat.py,team_archive/wyh/work/legacy/experiments/exp_anat.py,8076,c8df6d5d3615c0c532843769820ea13a5917b3f3,d8b092d913c65b45b108cded852addf3d95659e76d3dbb7cf59a32937c3edd90
work/legacy/experiments/exp_bag.py,team_archive/wyh/work/legacy/experiments/exp_bag.py,3236,031572babe9d3a6d138ca0246a6f0b5e6fe7432c,d34ef4a7fd7291b0ec4411731c9e0ef00e6da7e0d074d617f64429d2c0fd3913
work/legacy/experiments/exp_bag_r4.py,team_archive/wyh/work/legacy/experiments/exp_bag_r4.py,3318,b307b7652f0cc7619abc30f4d348d1d0a355cff5,0e06c0027aeea9f7b095cf9af3720c9f56fcc706fde05df864113f8bafc13eb3
work/legacy/experiments/exp_bigbag.py,team_archive/wyh/work/legacy/experiments/exp_bigbag.py,6030,b4565c7d62292ec16793f07f8691b0734c8ef8e6,40a5133ce675952e51afe989b38852aef983c53d56801320d382bc48db6f3824
work/legacy/experiments/exp_catxgb.py,team_archive/wyh/work/legacy/experiments/exp_catxgb.py,12152,58e1807c8dfcac5287256bc31937fdfeadac1a6e,f463e9dd7323bb883e27904563d8ab441aec80736695223ca248b74d6fc0c8b3
work/legacy/experiments/exp_feats.py,team_archive/wyh/work/legacy/experiments/exp_feats.py,9741,f327b208d77b8ce6db6806b46f41ab1c329f6113,98583b8cee17a43512b3c3ee910fea474f708dd8d33198c44d20fdb11d19e2be
work/legacy/experiments/exp_folds.py,team_archive/wyh/work/legacy/experiments/exp_folds.py,9762,0b385aa78cad31457dfb2cf28aa450c39c7a6133,fda945e5bc422ef8f51ba953f1ecc17ba09c2ee2fc356be8d6abee35f94c2aa7
work/legacy/experiments/exp_graph.py,team_archive/wyh/work/legacy/experiments/exp_graph.py,6874,5b9980a981b693f5e0f0cd7009bdff9de1100532,cb72b7faaf908baf3177b335765691ddd39e8850318ef0467a1d0bb8032e0006
work/legacy/experiments/exp_lgbm.py,team_archive/wyh/work/legacy/experiments/exp_lgbm.py,7723,5c32122abe24621f8ed0b2467f4ecbe66376792d,76c3f5feff4131b97f8fd30c49df10c5c0c3a28f79bdfc471aec722f9026ed07
work/legacy/experiments/exp_nbr.py,team_archive/wyh/work/legacy/experiments/exp_nbr.py,15411,28422fca601253dcbc2deebf65c012c7b6e306de,a2339a981076b1838ccce45eadecc9c8814807ad40cd7547fc53c1657ac6a43a
work/legacy/experiments/exp_prop.py,team_archive/wyh/work/legacy/experiments/exp_prop.py,9969,39a259868a290aaa99af0d20417ecd55276f8976,fb9ddfb93e4839ca8124074fea87de961b1b551f6d902c67ad9dab114681476e
work/legacy/experiments/exp_rerank.py,team_archive/wyh/work/legacy/experiments/exp_rerank.py,19110,89a406521cafdad304a13879d1cb0d9631b0ad4f,d12d18d37d242c8f71123375cc28fb7b1251acf58b1ee77797903298af5aa7a0
work/legacy/experiments/exp_selftrain.py,team_archive/wyh/work/legacy/experiments/exp_selftrain.py,6696,701597c846344bda4ccf49f45f4778df9cf54c69,5a375b4ec896b073c9f3986c2a9060f746c7af1bb50f8f6e83af388d121c79e3
work/legacy/experiments/exp_spec.py,team_archive/wyh/work/legacy/experiments/exp_spec.py,12585,b6b833f0ccf499b36e9eed6e5dab1c8279cd9dfe,20380a4ae8ce9fd5523adff557966830bfb629c7982693ea68f35ac90582ccdf
work/legacy/experiments/run_alt.py,team_archive/wyh/work/legacy/experiments/run_alt.py,3699,647e75ed03ef41e495ada8c8b41a09f6749af2ea,708952df562dfbfe4e228ec3314eb510262d6b9398e27cbc90ab9a8de4d7e00b
work/legacy/experiments/screen_alt_fold0.py,team_archive/wyh/work/legacy/experiments/screen_alt_fold0.py,3053,8320a4b781cdc803baef4c284aebb3db7d5f784a,e66e07a1a5f31043ddf70ab84f226adb17776e09b74aa6e213d11f3f64403b3e
work/legacy/experiments/xgb_curve.py,team_archive/wyh/work/legacy/experiments/xgb_curve.py,1033,8c96bbe1b8e8de30ba6a8af63051fee5d9cad2fb,9577e019897363e683ee860a63a9810318551e0cfa0e467d939da19ab64d1e33
work/legacy/make_submission.py,team_archive/wyh/work/legacy/make_submission.py,1358,8cd4e5e6c6300bbd8de6825cc9bd846da9334054,35c2340d42ace825a6bd384ee43003300a1e2b5fed163ef8102dbb52c648bc6e
work/legacy/prep.py,team_archive/wyh/work/legacy/prep.py,6611,da77a5c3c7f33b0b25b65ac6720541b4f09f5fdf,7236013e3c3deb8df524885b884eb6b674d0597b78b8ab0f750c88ba93568800
work/reports/V2-B-REFONLY_methodology.json,team_archive/wyh/work/reports/V2-B-REFONLY_methodology.json,1655,7958f4288bd6b54ef071429e9daaf86ba75c8113,f2de671bf01b862a4e57583f95b155048b7d281fd2f12aff075fd0711d18ecc9
work/reports/sprint2_comparison.md,team_archive/wyh/work/reports/sprint2_comparison.md,2888,69340ffbbf6e72f399a081808b25e2bbf47a66c9,3c2b02588c90a955e9c6d7536ed3dfbbdac11a12f6fea75c26d48701cc6ab1d3
work/reports/sprint3_comparison.md,team_archive/wyh/work/reports/sprint3_comparison.md,3217,9576251c04ed420184f5d57853ad03423c4c2a29,cce5b08e6f43db92f76f574f1f3fc36aed75a20c7622b89ccade8e02d73977d5
work/reports/v3/v3_e00t_team_expert_audit.md,team_archive/wyh/work/reports/v3/v3_e00t_team_expert_audit.md,16154,a31aa888d46c45ceefd922a5a6e0e8f00ebb0238,420c0356ba51aa81398701fa0a478b096e4fefffdd5dea5920fe38f56c5bf81d
work/reports/v3/v3_e02d_privileged_gene_distillation.md,team_archive/wyh/work/reports/v3/v3_e02d_privileged_gene_distillation.md,10972,00932a4f9356a4ba6501cddf0749cfae2d444429,627c2737b86728f41ea5772e316d354a0dad17d6ac3a2e8e404fabcf008ee57b
work/reports/v3/v3_e03a_rescue_audit.md,team_archive/wyh/work/reports/v3/v3_e03a_rescue_audit.md,17310,079e16dab1efe2ab5f060f27490e8f43398c4316,b852c53cf7fbc54b6e5ac8f29bc6ade79844d446b8ae164dbf225fecb0033383
work/reports/v3/v3_e04s_sni_source_expert.md,team_archive/wyh/work/reports/v3/v3_e04s_sni_source_expert.md,12653,284fc9a6d0d4477b9c8a877ab8bc3a76057ab767,60c132909982cf047949a0220e09ac559aa313d1bef5c1743267333ea2360921
work/reports/v3/v3_e05a_directional_complementarity_audit.md,team_archive/wyh/work/reports/v3/v3_e05a_directional_complementarity_audit.md,24105,d9280e5e15b1b4c73b213ef5c049d6ce65499fbc,db13538458b7f7ec7d6ff893df373f50676257d1222a9a47d5086e3af3cfecdc
work/reports/v3/v3_e06m_source_balanced_multireference.md,team_archive/wyh/work/reports/v3/v3_e06m_source_balanced_multireference.md,14679,216d0577df660ad460f9af58f1220ee601a67184,bb4d7c61ce3113ae41e38087c92784d5923d2dab3667000f96be5dc9fa24f327
work/reports/v3/v3_e07d_final_deployable_decision_audit.md,team_archive/wyh/work/reports/v3/v3_e07d_final_deployable_decision_audit.md,18003,14180b55b8f72f7bf7f8becd763cf03df0aa9875,64e21a2bb18d0ac788ef29173dececacce9cbfaf84b02bc22001639dc7ba71dc
work/reports/v3/v3_research_program_summary.md,team_archive/wyh/work/reports/v3/v3_research_program_summary.md,19399,5ad0ccb6141d05b2005a5a6fe149ccf7cb0e8d12,ef6578666dde600ac7f585b2ee5ce149ad375bca10f3bed4e3c74321122ac5fa
work/requirements.txt,team_archive/wyh/work/requirements.txt,356,63b2a8b28c1c7f5e2ea772801527d7411166422d,aef1e3827a06c56311ae2ea62717abd428780cc5de4de92b771bcfb8b1f34d1e
work/scripts/00_validate_data.py,team_archive/wyh/work/scripts/00_validate_data.py,782,63460734a896dbfa10bfccc3931438a6f57304dc,54ba1fa916daa3621b266fa87df1f1ca4dce26974e8d892e787ab34dabe64b73
work/scripts/01_baseline.py,team_archive/wyh/work/scripts/01_baseline.py,11741,d0dfd7aa60bda5878768b39ffb2681d1e89551ab,0772379f6e33f0cb2b066759a501fc26d74d0dd79a5a105728dc4396946cc598
work/scripts/02_sprint2_experiments.py,team_archive/wyh/work/scripts/02_sprint2_experiments.py,25492,943dfcca0ee293b9c861e9ee165f6b3ca058f1f6,bd016da071c8304b763c8cf275a65a4edfa91a85de13efe08338b9b567b9c950
work/scripts/03_sprint2_comparison.py,team_archive/wyh/work/scripts/03_sprint2_comparison.py,10237,7d5c57688c266c17c93cb4543fe1917532652e8b,a3e044a4e4e75cc8c0eef604b9769b1f89d443ceac200f12b7346abf7949ab05
work/scripts/04_sprint3_experiments.py,team_archive/wyh/work/scripts/04_sprint3_experiments.py,26064,d20e9d64348bb20415a182e8fc28eb6ff6382c33,60b7e59043090bfae5a3493d73b9e06a044c7205586525c1ca08df9b5a93b1d3
work/scripts/05_sprint3_comparison.py,team_archive/wyh/work/scripts/05_sprint3_comparison.py,11761,2ce5d4c0c3d1f7916b5beadbaccb9a6a6b56f6b8,0f20027de05a045b2049b3c7781e2a2c25150edfcce2424653146986d9ba0df1
work/scripts/06_model_v1.py,team_archive/wyh/work/scripts/06_model_v1.py,7311,fea49d642439ad20b89255ba5856de909d8b197c,4d8dd967531a161b2bb21eddb5a10fc256394cab959ec7900d12cb73adc57dc2
work/scripts/07_bridge_yw004_5f.py,team_archive/wyh/work/scripts/07_bridge_yw004_5f.py,7618,8a96a1eef63d9570ab9489d6dc6f63cea27c86b1,aa2af590c7bac4434c43609be2470b9eaa2a8d76e64a93920add77bacd9bf397
work/scripts/08_v2a_spatial_lgbm.py,team_archive/wyh/work/scripts/08_v2a_spatial_lgbm.py,13390,35169023123781572e48aa02d79a96f1c55b87c3,0d04f2a1e72935f449ad4fb5afba2d43a9b9071f6196a96f36a8716ea5d3de80
work/scripts/09_v2b_refonly.py,team_archive/wyh/work/scripts/09_v2b_refonly.py,25510,074b51d7d95e129de1ceaec6bc8229b2d8f3e01f,41f91fee4e3a9a015043d0ccbd3e592e8179d5778ee8bbac2331dbf796e4d3f3
work/scripts/10_official_manifest.py,team_archive/wyh/work/scripts/10_official_manifest.py,1242,05988a771c411e24f3d3eb4cfa93eb3eb59e338c,c9e2254de39cba508da9c28a1fd01516ac027eca458b5a4ad519343d7ac8b1fa
work/scripts/11_v2c_select.py,team_archive/wyh/work/scripts/11_v2c_select.py,12737,81b0c38d98a0ff775a1c5a6af45a9d5bb4e00286,fa83c2608f8dbe86e9a95a8c3024692894f135e874d2b1ca610b38b0eccd51d8
work/scripts/90_validate_submission.py,team_archive/wyh/work/scripts/90_validate_submission.py,1334,b98804abd7d5ec0918b1706b0ac27c87686dc133,3db25eebe1f6e1036b40a16d00d49b83d0b856b2289cb3ee45535124de0898d3
work/src/merfish60/__init__.py,team_archive/wyh/work/src/merfish60/__init__.py,182,12258c9d5f3f2bbc563df5f900fee1d2927b0155,1008e799f5469923b5eefd658b2ba05594e8494853bc65c7eeec65dc3256664b
work/src/merfish60/cv.py,team_archive/wyh/work/src/merfish60/cv.py,6313,050a6dbd6058e67c20c2b294939f8dbd4f34f828,5d38ff92d89eac3dd3fddf243fd3e240ed7f3d41b7a04477fa35e896f39cf0fe
work/src/merfish60/ensemble.py,team_archive/wyh/work/src/merfish60/ensemble.py,4330,efb4e4da4f96fc9c60e868583bb62d48ebebab9b,0f218c09a5806ce5c14836cca73b624d6652c6c2bc8da570406d83b38f0ab6d7
work/src/merfish60/ext_universe.py,team_archive/wyh/work/src/merfish60/ext_universe.py,14190,56c87c08131751e1c3e3a0a67ef50cef6a109954,9733e0d31d45c6a6e7eb0019edfe862f01571a886d532c6c91c2532ba874ad39
work/src/merfish60/hard_bucket.py,team_archive/wyh/work/src/merfish60/hard_bucket.py,5835,d6befebec65897c3971097ec0e33f7a616b5801b,9ebbc1de2e99551e82e4ebe70a19695860b83fd5f7d8a267daa433c791888cc3
work/src/merfish60/io.py,team_archive/wyh/work/src/merfish60/io.py,11438,0aa3cd4703299cd0f0056fcbfe1c5b165e1e2cd4,7d71a1b447e2ffa42625c3c8dec269ac8487baa1f47c584690385cc9e1bb4207
work/src/merfish60/metrics.py,team_archive/wyh/work/src/merfish60/metrics.py,1761,a2e2e643b2257941f0b58eae4dfcea43abc61146,b5d434e5d1726ffd8dac639b50998c32c232eb436e165d83c993228be685e4c1
work/src/merfish60/model_v1.py,team_archive/wyh/work/src/merfish60/model_v1.py,11177,91568142065fd92fe0b0884aa679c04b0ddf7e18,d073f06ea60936e12201313eceb99a99a0df982fbc40045a5c6841e16e63da03
work/src/merfish60/models.py,team_archive/wyh/work/src/merfish60/models.py,3104,d9ba584523749c1c9fe76448703d8fc16d4795c3,571be49945f2cab5c91604151b2c1d457533b6b709c9c9ac7286831af05a7611
work/src/merfish60/neighbor_labels.py,team_archive/wyh/work/src/merfish60/neighbor_labels.py,6805,171ebc479fd6eb7f9b1e7d5cfb22f2755c5d3901,96c88beca726536e9bf3e5a01f1b19dc666ff9411fbb88ac88831a67b0d6c48c
work/src/merfish60/official_contract.py,team_archive/wyh/work/src/merfish60/official_contract.py,7556,e4d14379eea0bc72985abfd5f99c52e8626adf61,8df88678c166b432bda29259c310a0542837b07a1ea4610b34dad910cd57fb5c
work/src/merfish60/reference.py,team_archive/wyh/work/src/merfish60/reference.py,12944,f490260a40a762ededa5342b041b53c2ab3f7798,e98a91287ec4de7a968710bfe37ef2ff9920bb3638232b37157c0fe6323bf32c
work/src/merfish60/registry.py,team_archive/wyh/work/src/merfish60/registry.py,2329,f71617300de4fb86761dee36ce287cb1995ee13b,e0f93ba2314304515a02bf4df0bc3257f669a6a0284059701a1ef13df006dec1
work/src/merfish60/registry_v2.py,team_archive/wyh/work/src/merfish60/registry_v2.py,2315,40ef8a36c05bb2a3d734cc43c05cc0c4881df300,4f25dc096e81c295e9107e6f3243a6182b95b4ec7d2665d8542ef3b7a9e4f297
work/src/merfish60/signatures.py,team_archive/wyh/work/src/merfish60/signatures.py,3653,eaab79b1b5a48e76a66f7782de5a98c9f0e02b7a,58ec0341adc9a700eae0df755ced6f2f8a4c99a22605978de4943368c8b6972a
work/src/merfish60/spatial_features.py,team_archive/wyh/work/src/merfish60/spatial_features.py,9024,7ab4e15bb82799c82284f802956e2f2717e7ef38,ffb87045eea62e12eeb90ea46108239386d478a3a804abe01b5d8c4cc417d9da
work/src/merfish60/team_cv.py,team_archive/wyh/work/src/merfish60/team_cv.py,7390,b5c9fc5be61fb8d55535f57c0504d8f4a1123fff,0f61318f377f5136fd079955cc1ec58a5aaa32e5a179f905fce6ae29a0ce22cd
work/src/merfish60/v2_metrics.py,team_archive/wyh/work/src/merfish60/v2_metrics.py,4468,562023c674ace33c99d8cb80345bba3dc0b0b4f7,6dafd3d1d143812243bb965db2a18f82642b711ad1c2e11e4d4ca3f3fe6f1eb8
work/src/merfish60/v2c_blend.py,team_archive/wyh/work/src/merfish60/v2c_blend.py,14688,e2f55952e28112d71dbf0426b42543319b6aa717,28b94795e26d3d38a078db9ac06339689f6c6124f90f2544dcb8517928f7f0eb
work/src/merfish60/validate_submission.py,team_archive/wyh/work/src/merfish60/validate_submission.py,7090,0923b4ec1eef0f7047bdcd72d95ddf735a6b64de,dee7ec23bcd79f7c0f203b8eea1a2d1df53daa51c4f75fbd70234df6f7483d7a
work/src/merfish60/yw004_cv.py,team_archive/wyh/work/src/merfish60/yw004_cv.py,9211,3d5b405d16eaeb6b9e0f4b428d48ab3ec65308cd,38184639a780bea675a172c135f43eb16e7690341203b4e8ef32d1812cb459e8
work/tests/conftest.py,team_archive/wyh/work/tests/conftest.py,170,950332ce66e691e7d2807dbe726392a2c4c8a43e,4c6e57a97b6a55c2414430e165924fa8146dc8ba042fdbd99c216cb1e26ad2b4
work/tests/test_data_contract.py,team_archive/wyh/work/tests/test_data_contract.py,2821,9513a80007de5c52606570ed4f45722fc3a3ef2c,da4be43d1ef3bb7337b10af7950ad715776f532bd7f9f82f6b5fe31936eea904
work/tests/test_folds.py,team_archive/wyh/work/tests/test_folds.py,2533,b24fdfa85b0918e430614ff654624ce526cad6d0,779ddeafdb7e8f36e4d9b3d864ecbc0265354dde3dff9d6e8408de95b87f2de0
work/tests/test_model_v1.py,team_archive/wyh/work/tests/test_model_v1.py,8445,fcf0859b8c1a90bd1e246e683a3b0e2687633082,352426c9c3e980fad30ad2f33c09ff11cf7b2bb0520bff50f75cadbb52498a9a
work/tests/test_model_v2_release.py,team_archive/wyh/work/tests/test_model_v2_release.py,3764,f06bca149337e2e7fe87205f464bab2419c04c53,498a6112bf7ae8a972b73e238c1d5f6e64f242e24ea881e66009be536221cfda
work/tests/test_official_contract.py,team_archive/wyh/work/tests/test_official_contract.py,3124,b04729f9f682863d1b517e91f3fc381f023b2249,e07d9f1e9b3b6094973bcc5a88e51abb6e0b54db714a670713f95d4362c5b9e3
work/tests/test_signatures.py,team_archive/wyh/work/tests/test_signatures.py,2124,74b8c4e9a38f1d8618ae2ba41ac8e70a7c941f47,42da8a134ade4c8f826f90936939f0aa742a3e7f6a0a133fc7be2a43cb636ec5
work/tests/test_sprint2_outputs.py,team_archive/wyh/work/tests/test_sprint2_outputs.py,4409,fb7353229ffc574c02a8704fc2d7bcb62c556206,06cc34114749289f9321f508e0de793230ea8a39e86f78bf6f5307f74723086b
work/tests/test_sprint3.py,team_archive/wyh/work/tests/test_sprint3.py,13281,e7eed0a4199a834e971fed4319bfdaecf0959684,ba384b530c3b7ddc1a278f189f97d4e4406a1ac5f7ae40918d9731d3e06ad68d
work/tests/test_sprint4.py,team_archive/wyh/work/tests/test_sprint4.py,13456,82e7d07f9919d65074fc6ec6eba2c80b4b82afd7,8cce14e831ad00c8d603c2dc4e37a41a15a9e5b0c9b257031a99dd3fb4f0d3f5
work/tests/test_sprint4_v2b.py,team_archive/wyh/work/tests/test_sprint4_v2b.py,8603,e8cfc06b2bffb0ed9442a598add6cabb55a444a3,46882311f550ebbb553830a2339bc2dd0af1cc9183aa1f3b9112f2b8e4cb57c3
work/tests/test_sprint5_v2c.py,team_archive/wyh/work/tests/test_sprint5_v2c.py,6613,2d998eaa9856add226e04e2c7208693dba7f8a82,328b76667a6c8ffd47244dd2cd63f134e78e8b0823aec5f927782893b214a817
work/tests/test_submission_contract.py,team_archive/wyh/work/tests/test_submission_contract.py,4609,d9f3078a9dfaa3d7cb49371762da2db156e73a6e,0d55ac9dd641bab332b63d611bd39934c15a571ff98cf2916f725977303de296
work/tests/test_v3_e00t_team_expert_audit.py,team_archive/wyh/work/tests/test_v3_e00t_team_expert_audit.py,3821,6d13350516aa6667b9ee327ae5c7a04e3be6b960,b3f250f1742d7ee25c7c983fd19690b87d4da701144136d8f2df81bb62809ed3
work/tests/test_v3_e02d_privileged_gene_distillation.py,team_archive/wyh/work/tests/test_v3_e02d_privileged_gene_distillation.py,9989,b18f0f6e9743b304106c849aa66f4610262a99b3,79ea69849fe7d80f6a176c55360350356f0c9e971d3ff16dc834435cd4532a17
work/tests/test_v3_e03a_rescue_audit.py,team_archive/wyh/work/tests/test_v3_e03a_rescue_audit.py,9171,e851d2b5fe5770d3367010966586df026a9f557b,16b559fb455ddcdc3358abe9bfb082a2f5acd76514a2ff6ac17699dc97ae5a43
work/tests/test_v3_e04s_sni_source_expert.py,team_archive/wyh/work/tests/test_v3_e04s_sni_source_expert.py,10119,050cf5037096f22aaebc5d5bf92ec04438778038,8db1fb207319db444d65cb939bde85270b40b9383648753024afa9b6c55b2ef0
work/tests/test_v3_e05a_directional_complementarity_audit.py,team_archive/wyh/work/tests/test_v3_e05a_directional_complementarity_audit.py,13736,60a79041881c77556b07d39e559bd108b066f493,8551ab662cc69e4b2f4c4eafcfc1594cdbbbfc67255b68d3b5abedf16fcd4da4
work/tests/test_v3_e06m_source_balanced_multireference.py,team_archive/wyh/work/tests/test_v3_e06m_source_balanced_multireference.py,11568,e5bce3fbc3028ca7134143c256947e270947d8a1,b5ed5a2920dcb98fb370237900d6817cf68dfe2fb00415172c19b30643dbdaf6
work/tests/test_v3_e07d_final_deployable_decision_audit.py,team_archive/wyh/work/tests/test_v3_e07d_final_deployable_decision_audit.py,13301,3f05e9f6ba768f6b2a92a723d5aaf4846ebbeabf,97a779353c998521e5c295cd61d3a874108d94c295b27882dd069e467d05b3ff
work/tests/test_v3_research_program_closure.py,team_archive/wyh/work/tests/test_v3_research_program_closure.py,7162,19a83db865396762284bc41ae76eae82687b9c13,8e59337e0a9cbfeb0eaeb88593bdcbe40318f473a58ffb62a36d4cf41708de24
